{"parent":"item/generated","textures":{"layer0":"item/heart_of_the_sea"},"overrides":[{"predicate":{"custom_model_data":1.0},"model":"charm:item/crimson_boat"},{"predicate":{"custom_model_data":2.0},"model":"charm:item/lime_bundle"},{"predicate":{"custom_model_data":3.0},"model":"charm:item/mixed_stew"},{"predicate":{"custom_model_data":4.0},"model":"charm:item/ebony_boat"},{"predicate":{"custom_model_data":5.0},"model":"charm:item/moobloom_spawn_egg"},{"predicate":{"custom_model_data":6.0},"model":"additionaladditions:item/music_disc_1507"}]}