{"parent":"item/generated","textures":{"layer0":"item/structure_void"},"overrides":[{"predicate":{"custom_model_data":1.0},"model":"charm:item/oak_bookcase"},{"predicate":{"custom_model_data":2.0},"model":"charm:item/spruce_bookcase"},{"predicate":{"custom_model_data":3.0},"model":"charm:item/birch_bookcase"},{"predicate":{"custom_model_data":4.0},"model":"charm:item/jungle_bookcase"},{"predicate":{"custom_model_data":5.0},"model":"charm:item/acacia_bookcase"},{"predicate":{"custom_model_data":6.0},"model":"charm:item/dark_oak_bookcase"},{"predicate":{"custom_model_data":7.0},"model":"charm:item/crimson_bookcase"},{"predicate":{"custom_model_data":8.0},"model":"charm:item/warped_bookcase"},{"predicate":{"custom_model_data":9.0},"model":"charm:item/oak_storage_crate"},{"predicate":{"custom_model_data":10.0},"model":"charm:item/spruce_storage_crate"},{"predicate":{"custom_model_data":11.0},"model":"charm:item/birch_storage_crate"},{"predicate":{"custom_model_data":12.0},"model":"charm:item/jungle_storage_crate"},{"predicate":{"custom_model_data":13.0},"model":"charm:item/acacia_storage_crate"},{"predicate":{"custom_model_data":14.0},"model":"charm:item/dark_oak_storage_crate"},{"predicate":{"custom_model_data":15.0},"model":"charm:item/crimson_storage_crate"},{"predicate":{"custom_model_data":16.0},"model":"charm:item/warped_storage_crate"},{"predicate":{"custom_model_data":17.0},"model":"charm:item/azalea_storage_crate"},{"predicate":{"custom_model_data":18.0},"model":"charm:item/ebony_storage_crate"},{"predicate":{"custom_model_data":19.0},"model":"charm:item/oak_barrel"},{"predicate":{"custom_model_data":20.0},"model":"charm:item/spruce_barrel"},{"predicate":{"custom_model_data":21.0},"model":"charm:item/birch_barrel"},{"predicate":{"custom_model_data":22.0},"model":"charm:item/jungle_barrel"},{"predicate":{"custom_model_data":23.0},"model":"charm:item/acacia_barrel"},{"predicate":{"custom_model_data":24.0},"model":"charm:item/dark_oak_barrel"},{"predicate":{"custom_model_data":25.0},"model":"charm:item/crimson_barrel"},{"predicate":{"custom_model_data":26.0},"model":"charm:item/warped_barrel"},{"predicate":{"custom_model_data":27.0},"model":"charm:item/oak_chest"},{"predicate":{"custom_model_data":28.0},"model":"charm:item/oak_trapped_chest"},{"predicate":{"custom_model_data":29.0},"model":"charm:item/spruce_chest"},{"predicate":{"custom_model_data":30.0},"model":"charm:item/spruce_trapped_chest"},{"predicate":{"custom_model_data":31.0},"model":"charm:item/birch_chest"},{"predicate":{"custom_model_data":32.0},"model":"charm:item/birch_trapped_chest"},{"predicate":{"custom_model_data":33.0},"model":"charm:item/jungle_chest"},{"predicate":{"custom_model_data":34.0},"model":"charm:item/jungle_trapped_chest"},{"predicate":{"custom_model_data":35.0},"model":"charm:item/acacia_chest"},{"predicate":{"custom_model_data":36.0},"model":"charm:item/acacia_trapped_chest"},{"predicate":{"custom_model_data":37.0},"model":"charm:item/dark_oak_chest"},{"predicate":{"custom_model_data":38.0},"model":"charm:item/dark_oak_trapped_chest"},{"predicate":{"custom_model_data":39.0},"model":"charm:item/crimson_chest"},{"predicate":{"custom_model_data":40.0},"model":"charm:item/crimson_trapped_chest"},{"predicate":{"custom_model_data":41.0},"model":"charm:item/warped_chest"},{"predicate":{"custom_model_data":42.0},"model":"charm:item/warped_trapped_chest"},{"predicate":{"custom_model_data":43.0},"model":"charm:item/azalea_planks"},{"predicate":{"custom_model_data":44.0},"model":"charm:item/azalea_button"},{"predicate":{"custom_model_data":45.0},"model":"charm:item/azalea_door"},{"predicate":{"custom_model_data":46.0},"model":"charm:item/azalea_fence"},{"predicate":{"custom_model_data":47.0},"model":"charm:item/azalea_fence_gate"},{"predicate":{"custom_model_data":48.0},"model":"charm:item/azalea_log"},{"predicate":{"custom_model_data":49.0},"model":"charm:item/stripped_azalea_log"},{"predicate":{"custom_model_data":50.0},"model":"charm:item/azalea_pressure_plate"},{"predicate":{"custom_model_data":51.0},"model":"charm:item/azalea_slab"},{"predicate":{"custom_model_data":52.0},"model":"charm:item/azalea_stairs"},{"predicate":{"custom_model_data":53.0},"model":"charm:item/azalea_trapdoor"},{"predicate":{"custom_model_data":54.0},"model":"charm:item/azalea_wood"},{"predicate":{"custom_model_data":55.0},"model":"charm:item/stripped_azalea_wood"},{"predicate":{"custom_model_data":56.0},"model":"charm:item/azalea_sign"},{"predicate":{"custom_model_data":57.0},"model":"charm:item/azalea_barrel"},{"predicate":{"custom_model_data":58.0},"model":"charm:item/azalea_bookcase"},{"predicate":{"custom_model_data":59.0},"model":"charm:item/azalea_bookshelf"},{"predicate":{"custom_model_data":60.0},"model":"charm:item/azalea_chest"},{"predicate":{"custom_model_data":61.0},"model":"charm:item/azalea_ladder"},{"predicate":{"custom_model_data":62.0},"model":"charm:item/azalea_trapped_chest"},{"predicate":{"custom_model_data":63.0},"model":"charm:item/ender_pearl_block"},{"predicate":{"custom_model_data":64.0},"model":"charm:item/gunpowder_block"},{"predicate":{"custom_model_data":65.0},"model":"charm:item/sugar_block"},{"predicate":{"custom_model_data":66.0},"model":"charm:item/cask"},{"predicate":{"custom_model_data":67.0},"model":"charm:item/cooking_pot"},{"predicate":{"custom_model_data":68.0},"model":"charm:item/copper_rail"},{"predicate":{"custom_model_data":69.0},"model":"charm:item/tube_sea_lantern"},{"predicate":{"custom_model_data":70.0},"model":"charm:item/brain_sea_lantern"},{"predicate":{"custom_model_data":71.0},"model":"charm:item/bubble_sea_lantern"},{"predicate":{"custom_model_data":72.0},"model":"charm:item/fire_sea_lantern"},{"predicate":{"custom_model_data":73.0},"model":"charm:item/horn_sea_lantern"},{"predicate":{"custom_model_data":74.0},"model":"charm:item/ebony_planks"},{"predicate":{"custom_model_data":75.0},"model":"charm:item/ebony_button"},{"predicate":{"custom_model_data":76.0},"model":"charm:item/ebony_door"},{"predicate":{"custom_model_data":77.0},"model":"charm:item/ebony_fence"},{"predicate":{"custom_model_data":78.0},"model":"charm:item/ebony_fence_gate"},{"predicate":{"custom_model_data":79.0},"model":"charm:item/ebony_log"},{"predicate":{"custom_model_data":80.0},"model":"charm:item/stripped_ebony_log"},{"predicate":{"custom_model_data":81.0},"model":"charm:item/ebony_leaves"},{"predicate":{"custom_model_data":82.0},"model":"charm:item/ebony_pressure_plate"},{"predicate":{"custom_model_data":83.0},"model":"charm:item/ebony_sapling"},{"predicate":{"custom_model_data":84.0},"model":"charm:item/ebony_slab"},{"predicate":{"custom_model_data":85.0},"model":"charm:item/ebony_stairs"},{"predicate":{"custom_model_data":86.0},"model":"charm:item/ebony_trapdoor"},{"predicate":{"custom_model_data":87.0},"model":"charm:item/ebony_wood"},{"predicate":{"custom_model_data":88.0},"model":"charm:item/stripped_ebony_wood"},{"predicate":{"custom_model_data":89.0},"model":"charm:item/ebony_sign"},{"predicate":{"custom_model_data":90.0},"model":"charm:item/ebony_barrel"},{"predicate":{"custom_model_data":91.0},"model":"charm:item/ebony_bookcase"},{"predicate":{"custom_model_data":92.0},"model":"charm:item/ebony_bookshelf"},{"predicate":{"custom_model_data":93.0},"model":"charm:item/ebony_chest"},{"predicate":{"custom_model_data":94.0},"model":"charm:item/ebony_ladder"},{"predicate":{"custom_model_data":95.0},"model":"charm:item/ebony_trapped_chest"},{"predicate":{"custom_model_data":96.0},"model":"charm:item/kiln"},{"predicate":{"custom_model_data":97.0},"model":"charm:item/player_pressure_plate"},{"predicate":{"custom_model_data":98.0},"model":"charm:item/redstone_lantern"},{"predicate":{"custom_model_data":99.0},"model":"charm:item/redstone_sand"},{"predicate":{"custom_model_data":100.0},"model":"charm:item/copper_bars"},{"predicate":{"custom_model_data":101.0},"model":"charm:item/gold_bars"},{"predicate":{"custom_model_data":102.0},"model":"charm:item/netherite_bars"},{"predicate":{"custom_model_data":103.0},"model":"charm:item/oak_bookshelf"},{"predicate":{"custom_model_data":104.0},"model":"charm:item/spruce_bookshelf"},{"predicate":{"custom_model_data":105.0},"model":"charm:item/birch_bookshelf"},{"predicate":{"custom_model_data":106.0},"model":"charm:item/jungle_bookshelf"},{"predicate":{"custom_model_data":107.0},"model":"charm:item/acacia_bookshelf"},{"predicate":{"custom_model_data":108.0},"model":"charm:item/dark_oak_bookshelf"},{"predicate":{"custom_model_data":109.0},"model":"charm:item/crimson_bookshelf"},{"predicate":{"custom_model_data":110.0},"model":"charm:item/warped_bookshelf"},{"predicate":{"custom_model_data":111.0},"model":"charm:item/copper_chain"},{"predicate":{"custom_model_data":112.0},"model":"charm:item/gold_chain"},{"predicate":{"custom_model_data":113.0},"model":"charm:item/netherite_chain"},{"predicate":{"custom_model_data":114.0},"model":"charm:item/oak_ladder"},{"predicate":{"custom_model_data":115.0},"model":"charm:item/spruce_ladder"},{"predicate":{"custom_model_data":116.0},"model":"charm:item/birch_ladder"},{"predicate":{"custom_model_data":117.0},"model":"charm:item/jungle_ladder"},{"predicate":{"custom_model_data":118.0},"model":"charm:item/acacia_ladder"},{"predicate":{"custom_model_data":119.0},"model":"charm:item/dark_oak_ladder"},{"predicate":{"custom_model_data":120.0},"model":"charm:item/crimson_ladder"},{"predicate":{"custom_model_data":121.0},"model":"charm:item/warped_ladder"},{"predicate":{"custom_model_data":122.0},"model":"charm:item/copper_lantern"},{"predicate":{"custom_model_data":123.0},"model":"charm:item/copper_soul_lantern"},{"predicate":{"custom_model_data":124.0},"model":"charm:item/gold_lantern"},{"predicate":{"custom_model_data":125.0},"model":"charm:item/gold_soul_lantern"},{"predicate":{"custom_model_data":126.0},"model":"charm:item/netherite_lantern"},{"predicate":{"custom_model_data":127.0},"model":"charm:item/netherite_soul_lantern"},{"predicate":{"custom_model_data":128.0},"model":"charm:item/woodcutter"},{"predicate":{"custom_model_data":129.0},"model":"additionaladditions:item/copper_patina"},{"predicate":{"custom_model_data":130.0},"model":"additionaladditions:item/rope"},{"predicate":{"custom_model_data":131.0},"model":"additionaladditions:item/amethyst_lamp"}]}