{"parent":"item/generated","textures":{"layer0":"item/warped_fungus_on_a_stick"},"overrides":[{"predicate":{"custom_model_data":1.0},"model":"charm:item/quadrant"},{"predicate":{"custom_model_data":2.0},"model":"charm:item/raid_horn"},{"predicate":{"custom_model_data":3.0},"model":"copperequipment:item/copper_sword"},{"predicate":{"custom_model_data":4.0},"model":"copperequipment:item/copper_shovel"},{"predicate":{"custom_model_data":5.0},"model":"copperequipment:item/copper_pickaxe"},{"predicate":{"custom_model_data":6.0},"model":"copperequipment:item/copper_axe"},{"predicate":{"custom_model_data":7.0},"model":"copperequipment:item/copper_hoe"},{"predicate":{"custom_model_data":8.0},"model":"copperequipment:item/waxed_copper_sword"},{"predicate":{"custom_model_data":9.0},"model":"copperequipment:item/waxed_copper_shovel"},{"predicate":{"custom_model_data":10.0},"model":"copperequipment:item/waxed_copper_pickaxe"},{"predicate":{"custom_model_data":11.0},"model":"copperequipment:item/waxed_copper_axe"},{"predicate":{"custom_model_data":12.0},"model":"copperequipment:item/waxed_copper_hoe"},{"predicate":{"custom_model_data":13.0},"model":"copperequipment:item/copper_helmet"},{"predicate":{"custom_model_data":14.0},"model":"copperequipment:item/copper_chestplate"},{"predicate":{"custom_model_data":15.0},"model":"copperequipment:item/copper_leggings"},{"predicate":{"custom_model_data":16.0},"model":"copperequipment:item/copper_boots"},{"predicate":{"custom_model_data":17.0},"model":"additionaladditions:item/watering_can"},{"predicate":{"custom_model_data":18.0},"model":"additionaladditions:item/wrench"},{"predicate":{"custom_model_data":19.0},"model":"additionaladditions:item/rose_gold_helmet"},{"predicate":{"custom_model_data":20.0},"model":"additionaladditions:item/rose_gold_chestplate"},{"predicate":{"custom_model_data":21.0},"model":"additionaladditions:item/rose_gold_leggings"},{"predicate":{"custom_model_data":22.0},"model":"additionaladditions:item/rose_gold_boots"},{"predicate":{"custom_model_data":23.0},"model":"additionaladditions:item/rose_gold_sword"},{"predicate":{"custom_model_data":24.0},"model":"additionaladditions:item/rose_gold_pickaxe"},{"predicate":{"custom_model_data":25.0},"model":"additionaladditions:item/rose_gold_axe"},{"predicate":{"custom_model_data":26.0},"model":"additionaladditions:item/rose_gold_shovel"},{"predicate":{"custom_model_data":27.0},"model":"additionaladditions:item/rose_gold_hoe"},{"predicate":{"custom_model_data":28.0},"model":"additionaladditions:item/gilded_netherite_helmet"},{"predicate":{"custom_model_data":29.0},"model":"additionaladditions:item/gilded_netherite_chestplate"},{"predicate":{"custom_model_data":30.0},"model":"additionaladditions:item/gilded_netherite_leggings"},{"predicate":{"custom_model_data":31.0},"model":"additionaladditions:item/gilded_netherite_boots"},{"predicate":{"custom_model_data":32.0},"model":"additionaladditions:item/gilded_netherite_sword"},{"predicate":{"custom_model_data":33.0},"model":"additionaladditions:item/gilded_netherite_pickaxe"},{"predicate":{"custom_model_data":34.0},"model":"additionaladditions:item/gilded_netherite_axe"},{"predicate":{"custom_model_data":35.0},"model":"additionaladditions:item/gilded_netherite_shovel"},{"predicate":{"custom_model_data":36.0},"model":"additionaladditions:item/gilded_netherite_hoe"}]}