{
	"credit": "Made with Blockbench",
	"textures": {
		"2": "additionaladditions:item/watering_can",
		"particle": "additionaladditions:item/watering_can"
	},
	"elements": [
		{
			"name": "body",
			"from": [5, 0, 5],
			"to": [11, 7, 11],
			"faces": {
				"north": {"uv": [0, 0, 6, 7], "texture": "#2"},
				"east": {"uv": [0, 0, 6, 7], "texture": "#2"},
				"south": {"uv": [0, 0, 6, 7], "texture": "#2"},
				"west": {"uv": [0, 0, 6, 7], "texture": "#2"},
				"up": {"uv": [12, 6, 6, 0], "texture": "#2"},
				"down": {"uv": [12, 6, 6, 12], "texture": "#2"}
			}
		},
		{
			"name": "tube",
			"from": [7, 0, 3],
			"to": [9, 6, 5],
			"rotation": {"angle": -45, "axis": "x", "origin": [1, 4, 1]},
			"faces": {
				"north": {"uv": [4, 7, 6, 13], "texture": "#2"},
				"east": {"uv": [4, 7, 6, 13], "texture": "#2"},
				"south": {"uv": [4, 7, 6, 13], "texture": "#2"},
				"west": {"uv": [4, 7, 6, 13], "texture": "#2"},
				"up": {"uv": [2, 16, 0, 14], "texture": "#2"},
				"down": {"uv": [2, 14, 0, 16], "texture": "#2"}
			}
		},
		{
			"name": "out",
			"from": [6, 5.3, 2],
			"to": [10, 6.3, 6],
			"rotation": {"angle": -45, "axis": "x", "origin": [1, 4, 1]},
			"faces": {
				"north": {"uv": [0, 7, 4, 8], "texture": "#2"},
				"east": {"uv": [0, 10, 4, 11], "texture": "#2"},
				"south": {"uv": [0, 10, 4, 11], "texture": "#2"},
				"west": {"uv": [0, 7, 4, 8], "texture": "#2"},
				"up": {"uv": [4, 11, 0, 7], "texture": "#2"},
				"down": {"uv": [4, 7, 0, 11], "texture": "#2"}
			}
		},
		{
			"from": [7, 2, 11],
			"to": [9, 2, 14],
			"faces": {
				"north": {"uv": [0, 0, 2, 0], "texture": "#2"},
				"east": {"uv": [0, 0, 3, 0], "texture": "#2"},
				"south": {"uv": [0, 0, 2, 0], "texture": "#2"},
				"west": {"uv": [0, 0, 3, 0], "texture": "#2"},
				"up": {"uv": [4, 8, 6, 11], "texture": "#2"},
				"down": {"uv": [4, 8, 6, 11], "texture": "#2"}
			}
		},
		{
			"from": [7, 2, 14],
			"to": [9, 8, 14],
			"faces": {
				"north": {"uv": [4, 7, 6, 13], "texture": "#2"},
				"east": {"uv": [0, 0, 0, 6], "texture": "#2"},
				"south": {"uv": [4, 7, 6, 13], "texture": "#2"},
				"west": {"uv": [0, 0, 0, 6], "texture": "#2"},
				"up": {"uv": [0, 0, 2, 0], "texture": "#2"},
				"down": {"uv": [0, 0, 2, 0], "texture": "#2"}
			}
		},
		{
			"from": [7, 8, 10],
			"to": [9, 8, 14],
			"faces": {
				"north": {"uv": [0, 0, 2, 0], "texture": "#2"},
				"east": {"uv": [0, 0, 4, 0], "texture": "#2"},
				"south": {"uv": [0, 0, 2, 0], "texture": "#2"},
				"west": {"uv": [0, 0, 4, 0], "texture": "#2"},
				"up": {"uv": [4, 8, 6, 12], "texture": "#2"},
				"down": {"uv": [4, 8, 6, 12], "texture": "#2"}
			}
		},
		{
			"from": [7, 7, 10],
			"to": [9, 8, 10],
			"faces": {
				"north": {"uv": [5.33333, 8.61538, 8, 9.84615], "texture": "#2"},
				"east": {"uv": [0, 0, 0, 1.23077], "texture": "#2"},
				"south": {"uv": [5.33333, 8.61538, 8, 9.84615], "texture": "#2"},
				"west": {"uv": [0, 0, 0, 1.23077], "texture": "#2"},
				"up": {"uv": [0, 0, 2.66667, 0], "texture": "#2"},
				"down": {"uv": [0, 0, 2.66667, 0], "texture": "#2"}
			}
		}
	],
	"gui_light": "front",
	"display": {
		"thirdperson_righthand": {
			"rotation": [40, 0, 0],
			"translation": [0, 2.75, -2]
		},
		"thirdperson_lefthand": {
			"rotation": [40, 0, 0],
			"translation": [0, 2.5, -2]
		},
		"firstperson_righthand": {
			"rotation": [-10, 0, 0],
			"translation": [1.25, 4, -1.25]
		},
		"firstperson_lefthand": {
			"rotation": [-10, 0, 0],
			"translation": [1.75, 5.5, -1.25]
		},
		"ground": {
			"translation": [0, 4.5, 0]
		},
		"gui": {
			"rotation": [19, -135, 0],
			"translation": [0, 3.25, 0]
		},
		"head": {
			"rotation": [-45, 0, 0],
			"translation": [0, -8, -10]
		},
		"fixed": {
			"rotation": [0, 90, 0],
			"translation": [1.25, 8.25, -6],
			"scale": [2, 2, 2]
		}
	},
	"groups": [0, 1, 2,
		{
			"name": "handle",
			"origin": [8, 8, 8],
			"color": 0,
			"children": [3, 4, 5, 6]
		}
	]
}