{
	"ambientocclusion": false,
	"textures": {
		"2": "charm:item/horn/raid_horn_bottom",
		"3": "charm:item/horn/raid_horn_back",
		"4": "charm:item/horn/raid_horn_side",
		"5": "charm:item/horn/raid_horn_top",
		"6": "charm:item/horn/raid_horn_front",
		"particle": "charm:item/horn/raid_horn_front"
	},
	"elements": [
		{
			"from": [4, 0, 7],
			"to": [9, 1, 10],
			"rotation": {"angle": 0, "axis": "y", "origin": [12, 8, 14]},
			"faces": {
				"north": {"uv": [7, 13, 12, 14], "rotation": 180, "texture": "#4"},
				"east": {"uv": [7, 14, 10, 15], "texture": "#3"},
				"south": {"uv": [7, 13, 12, 14], "texture": "#4"},
				"west": {"uv": [9, 14, 12, 15], "texture": "#6"},
				"up": {"uv": [5, 13, 10, 16], "texture": "#2"},
				"down": {"uv": [5, 13, 10, 16], "texture": "#2"}
			}
		},
		{
			"from": [3, 1, 7],
			"to": [10, 2, 10],
			"rotation": {"angle": 0, "axis": "y", "origin": [12, 9, 14]},
			"faces": {
				"north": {"uv": [6, 12, 13, 13], "texture": "#4"},
				"east": {"uv": [7, 13, 10, 14], "texture": "#3"},
				"south": {"uv": [6, 12, 13, 13], "rotation": 180, "texture": "#4"},
				"west": {"uv": [9, 13, 12, 14], "texture": "#6"},
				"up": {"uv": [4, 13, 11, 16], "texture": "#2"},
				"down": {"uv": [3, 13, 10, 16], "rotation": 180, "texture": "#2"}
			}
		},
		{
			"from": [2, 2, 7],
			"to": [11, 3, 10],
			"rotation": {"angle": 0, "axis": "y", "origin": [12, 10, 14]},
			"faces": {
				"north": {"uv": [5, 11, 14, 12], "texture": "#4"},
				"east": {"uv": [7, 12, 10, 13], "texture": "#3"},
				"south": {"uv": [5, 11, 14, 12], "rotation": 180, "texture": "#4"},
				"west": {"uv": [9, 12, 12, 13], "texture": "#6"},
				"up": {"uv": [3, 13, 12, 16], "texture": "#2"},
				"down": {"uv": [3, 13, 12, 16], "texture": "#2"}
			}
		},
		{
			"from": [1, 3, 7],
			"to": [12, 4, 10],
			"rotation": {"angle": 0, "axis": "y", "origin": [12, 11, 14]},
			"faces": {
				"north": {"uv": [4, 10, 15, 11], "texture": "#4"},
				"east": {"uv": [7, 11, 10, 12], "texture": "#3"},
				"south": {"uv": [4, 10, 15, 11], "rotation": 180, "texture": "#4"},
				"west": {"uv": [9, 11, 12, 12], "texture": "#6"},
				"up": {"uv": [0, 12, 11, 15], "rotation": 180, "texture": "#5"},
				"down": {"uv": [2, 13, 13, 16], "texture": "#2"}
			}
		},
		{
			"from": [7, 4, 6.5],
			"to": [13, 5, 10.5],
			"rotation": {"angle": 0, "axis": "y", "origin": [18, 12, 14]},
			"faces": {
				"north": {"uv": [3, 9, 9, 10], "texture": "#4"},
				"east": {"uv": [7, 10, 11, 11], "texture": "#3"},
				"south": {"uv": [3, 9, 9, 10], "rotation": 180, "texture": "#4"},
				"west": {"uv": [2, 11, 6, 12], "texture": "#6"},
				"up": {"uv": [10, 8, 16, 12], "texture": "#2"},
				"down": {"uv": [10, 8, 16, 12], "texture": "#2"}
			}
		},
		{
			"from": [7, 5, 6],
			"to": [13, 6, 11],
			"rotation": {"angle": 0, "axis": "y", "origin": [18, 13, 15]},
			"faces": {
				"north": {"uv": [3, 8, 9, 9], "texture": "#4"},
				"east": {"uv": [6, 9, 11, 10], "texture": "#3"},
				"south": {"uv": [3, 8, 9, 9], "rotation": 180, "texture": "#4"},
				"west": {"uv": [1, 10, 6, 11], "texture": "#6"},
				"up": {"uv": [3, 7, 9, 12], "texture": "#2"},
				"down": {"uv": [3, 7, 9, 12], "texture": "#2"}
			}
		},
		{
			"from": [6, 6, 5.5],
			"to": [14, 8, 11.5],
			"rotation": {"angle": 0, "axis": "y", "origin": [19, 14, 15]},
			"faces": {
				"north": {"uv": [2, 6, 10, 8], "texture": "#4"},
				"east": {"uv": [6, 7, 12, 9], "texture": "#3"},
				"south": {"uv": [2, 6, 10, 8], "rotation": 180, "texture": "#4"},
				"west": {"uv": [1, 8, 7, 10], "rotation": 180, "texture": "#6"},
				"up": {"uv": [6, 4, 14, 11], "texture": "#5"},
				"down": {"uv": [6, 4, 14, 11], "texture": "#5"}
			}
		},
		{
			"from": [6, 8, 5],
			"to": [14, 9, 6],
			"rotation": {"angle": 0, "axis": "y", "origin": [19, 16, 14]},
			"faces": {
				"north": {"uv": [2, 5, 10, 6], "texture": "#4"},
				"east": {"uv": [1, 4, 2, 5], "texture": "#5"},
				"south": {"uv": [1, 0, 9, 1], "texture": "#5"},
				"west": {"uv": [1, 7, 2, 8], "texture": "#5"},
				"up": {"uv": [6, 4, 14, 5], "texture": "#5"},
				"down": {"uv": [4, 0, 12, 1], "texture": "#2"}
			}
		},
		{
			"from": [6, 8, 11],
			"to": [14, 9, 12],
			"rotation": {"angle": 0, "axis": "y", "origin": [19, 16, 14]},
			"faces": {
				"north": {"uv": [3, 1, 11, 2], "texture": "#5"},
				"east": {"uv": [1, 4, 2, 5], "texture": "#5"},
				"south": {"uv": [2, 5, 10, 6], "texture": "#4"},
				"west": {"uv": [1, 7, 2, 8], "texture": "#5"},
				"up": {"uv": [6, 10, 14, 11], "texture": "#5"},
				"down": {"uv": [4, 6, 12, 7], "texture": "#2"}
			}
		},
		{
			"from": [14, 8, 5],
			"to": [15, 9, 12],
			"rotation": {"angle": 0, "axis": "y", "origin": [20, 16, 14]},
			"faces": {
				"north": {"uv": [1, 5, 2, 6], "texture": "#4"},
				"east": {"uv": [5, 6, 12, 7], "texture": "#3"},
				"south": {"uv": [1, 5, 2, 6], "texture": "#4"},
				"west": {"uv": [7, 3, 14, 4], "texture": "#5"},
				"up": {"uv": [14, 4, 15, 11], "texture": "#5"},
				"down": {"uv": [12, 0, 13, 7], "texture": "#2"}
			}
		},
		{
			"from": [5, 8, 5],
			"to": [6, 9, 12],
			"rotation": {"angle": 0, "axis": "y", "origin": [18, 16, 14]},
			"faces": {
				"north": {"uv": [10, 5, 11, 6], "texture": "#4"},
				"east": {"uv": [6, 2, 13, 3], "texture": "#5"},
				"south": {"uv": [10, 5, 11, 6], "texture": "#4"},
				"west": {"uv": [0, 7, 7, 8], "texture": "#6"},
				"up": {"uv": [6, 4, 7, 11], "texture": "#5"},
				"down": {"uv": [3, 0, 4, 7], "texture": "#2"}
			}
		},
		{
			"from": [0, 4, 7.5],
			"to": [3, 5, 9.5],
			"rotation": {"angle": 0, "axis": "y", "origin": [11, 12, 14]},
			"faces": {
				"north": {"uv": [13, 9, 16, 10], "texture": "#4"},
				"east": {"uv": [13, 7, 15, 8], "texture": "#6"},
				"south": {"uv": [13, 9, 16, 10], "rotation": 180, "texture": "#4"},
				"west": {"uv": [10, 10, 12, 11], "texture": "#6"},
				"up": {"uv": [1, 3, 4, 5], "texture": "#5"},
				"down": {"uv": [1, 3, 4, 5], "texture": "#5"}
			}
		},
		{
			"from": [0, 5, 7.75],
			"to": [2, 6, 9.25],
			"rotation": {"angle": 0, "axis": "y", "origin": [11, 13, 16]},
			"faces": {
				"north": {"uv": [14, 8, 16, 9], "texture": "#4"},
				"east": {"uv": [13, 6, 14.5, 7], "texture": "#6"},
				"south": {"uv": [14, 8, 16, 9], "rotation": 180, "texture": "#4"},
				"west": {"uv": [10, 9, 11.5, 10], "texture": "#6"},
				"up": {"uv": [12, 13, 14, 14.5], "rotation": 180, "texture": "#5"},
				"down": {"uv": [5, 10, 8, 11.5], "texture": "#2"}
			}
		}
	],
	"display": {
		"thirdperson_righthand": {
			"rotation": [68.5, 89.5, 0],
			"translation": [0.75, 3.5, 1.5],
			"scale": [0.45898, 0.5, 0.5]
		},
		"thirdperson_lefthand": {
			"rotation": [-108, -92.75, 180],
			"translation": [-0.25, 3.5, 1.25],
			"scale": [0.49, 0.49, 0.49]
		},
		"firstperson_righthand": {
			"rotation": [3.5, 93.75, 0],
			"translation": [0.13, 2.25, 0.88],
			"scale": [0.47, 0.68, 0.68]
		},
		"firstperson_lefthand": {
			"rotation": [3.5, -92, 0],
			"translation": [2.25, 2.25, 0.88],
			"scale": [0.47, 0.68, 0.68]
		},
		"gui": {
			"rotation": [25, 36, 0],
			"translation": [-0.75, 3, 0],
			"scale": [0.9, 1.09, 1.39]
		},
		"head": {
			"translation": [0, 15, 0]
		},
		"fixed": {
			"rotation": [-16, 2, 7],
			"translation": [0, 2.5, -4.25]
		}
	}
}