{"variants":{"age=13":{"model":"charm:block/glowball_blob","x":90,"y":180,"uvlock":true},"age=14":{"model":"charm:block/glowball_blob","x":90,"y":270,"uvlock":true},"age=15":{"model":"charm:block/glowball_blob"},"age=16":{"model":"charm:block/glowball_blob","x":180},"age=5":{"model":"charm:block/copper_rail_raised_ne"},"age=4":{"model":"charm:block/copper_rail_raised_sw","y":90},"age=3":{"model":"charm:block/copper_rail_raised_ne","y":90},"age=2":{"model":"charm:block/copper_rail","y":90},"age=1":{"model":"charm:block/copper_rail"},"age=9":{"model":"charm:block/copper_rail_corner","y":180},"age=8":{"model":"charm:block/copper_rail_corner","y":90},"age=10":{"model":"charm:block/copper_rail_corner","y":270},"age=7":{"model":"charm:block/copper_rail_corner"},"age=11":{"model":"charm:block/glowball_blob","x":90,"y":0,"uvlock":true},"age=6":{"model":"charm:block/copper_rail_raised_sw"},"age=12":{"model":"charm:block/glowball_blob","x":90,"y":90,"uvlock":true}}}