{"variants":{"age=13":{"model":"charm:block/azalea_button_pressed","y":270,"x":90,"uvlock":true},"age=14":{"model":"charm:block/azalea_button","y":270,"x":90,"uvlock":true},"age=15":{"model":"charm:block/azalea_button_pressed","y":90,"x":90,"uvlock":true},"age=5":{"model":"charm:block/azalea_button_pressed","y":270},"age=4":{"model":"charm:block/azalea_button","y":180},"age=3":{"model":"charm:block/azalea_button_pressed","y":180},"age=2":{"model":"charm:block/azalea_button"},"age=1":{"model":"charm:block/azalea_button_pressed"},"age=9":{"model":"charm:block/azalea_button_pressed","x":90,"uvlock":true},"age=8":{"model":"charm:block/azalea_button","y":90},"age=10":{"model":"charm:block/azalea_button","x":90,"uvlock":true},"age=11":{"model":"charm:block/azalea_button_pressed","y":180,"x":90,"uvlock":true},"age=7":{"model":"charm:block/azalea_button_pressed","y":90},"age=6":{"model":"charm:block/azalea_button","y":270},"age=12":{"model":"charm:block/azalea_button","y":180,"x":90,"uvlock":true}}}