{"variants":{"attached=true,disarmed=false,east=false,north=true,powered=true,south=false,west=false":{"model":"charm:block/glowball_blob","x":90,"y":0,"uvlock":true},"attached=true,disarmed=true,east=false,north=true,powered=true,south=true,west=false":{"model":"charm:block/ebony_button"},"attached=true,disarmed=true,east=false,north=true,powered=false,south=false,west=false":{"model":"charm:block/ebony_button","y":90},"attached=true,disarmed=true,east=false,north=true,powered=false,south=false,west=true":{"model":"charm:block/ebony_button_pressed","y":90},"attached=true,disarmed=false,east=true,north=true,powered=true,south=true,west=false":{"model":"charm:block/ebony_button","y":180,"x":180},"attached=true,disarmed=true,east=false,north=true,powered=true,south=false,west=false":{"model":"charm:block/ebony_button","y":180},"attached=true,disarmed=true,east=true,north=true,powered=false,south=true,west=true":{"model":"charm:block/azalea_pressure_plate_down"},"attached=true,disarmed=true,east=true,north=false,powered=false,south=true,west=false":{"model":"charm:block/copper_rail_corner","y":90},"attached=true,disarmed=true,east=false,north=false,powered=false,south=false,west=true":{"model":"charm:block/ebony_button_pressed","y":90,"x":90,"uvlock":true},"attached=true,disarmed=true,east=false,north=false,powered=false,south=false,west=false":{"model":"charm:block/ebony_button","y":90,"x":90,"uvlock":true},"attached=true,disarmed=true,east=false,north=true,powered=false,south=true,west=true":{"model":"charm:block/ebony_button_pressed","y":270},"attached=true,disarmed=true,east=true,north=true,powered=true,south=true,west=false":{"model":"charm:block/azalea_button","y":90,"x":180},"attached=true,disarmed=true,east=true,north=false,powered=true,south=false,west=true":{"model":"charm:block/copper_rail_raised_ne"},"attached=true,disarmed=true,east=true,north=true,powered=false,south=true,west=false":{"model":"charm:block/azalea_pressure_plate"},"attached=true,disarmed=true,east=false,north=false,powered=true,south=true,west=false":{"model":"charm:block/ebony_button","x":90,"uvlock":true},"attached=true,disarmed=true,east=true,north=true,powered=true,south=true,west=true":{"model":"charm:block/azalea_button_pressed","y":90,"x":180},"attached=true,disarmed=false,east=true,north=false,powered=true,south=true,west=false":{"model":"charm:block/ebony_button","y":90,"x":180},"attached=true,disarmed=false,east=true,north=true,powered=true,south=false,west=false":{"model":"charm:block/ebony_button","x":180},"attached=true,disarmed=true,east=true,north=true,powered=false,south=false,west=false":{"model":"charm:block/copper_rail","y":90},"attached=true,disarmed=false,east=false,north=false,powered=true,south=true,west=true":{"model":"charm:block/glowball_blob","x":90,"y":90,"uvlock":true},"attached=false,disarmed=true,east=true,north=true,powered=true,south=true,west=false":{"model":"charm:block/player_pressure_plate_down"},"attached=true,disarmed=false,east=true,north=true,powered=true,south=true,west=true":{"model":"charm:block/ebony_button_pressed","y":180,"x":180},"attached=true,disarmed=true,east=false,north=false,powered=true,south=false,west=false":{"model":"charm:block/ebony_button","y":180,"x":90,"uvlock":true},"attached=false,disarmed=true,east=true,north=true,powered=true,south=false,west=true":{"model":"charm:block/player_pressure_plate_up"},"attached=true,disarmed=true,east=true,north=false,powered=true,south=false,west=false":{"model":"charm:block/copper_rail_raised_sw"},"attached=true,disarmed=true,east=false,north=false,powered=false,south=true,west=true":{"model":"charm:block/ebony_button_pressed","y":270,"x":90,"uvlock":true},"attached=true,disarmed=true,east=false,north=true,powered=true,south=false,west=true":{"model":"charm:block/ebony_button_pressed","y":180},"attached=true,disarmed=true,east=false,north=false,powered=true,south=false,west=true":{"model":"charm:block/ebony_button_pressed","y":180,"x":90,"uvlock":true},"attached=true,disarmed=false,east=false,north=true,powered=true,south=true,west=true":{"model":"charm:block/ebony_pressure_plate_down"},"attached=true,disarmed=true,east=true,north=false,powered=true,south=true,west=true":{"model":"charm:block/copper_rail_raised_ne","y":90},"attached=true,disarmed=false,east=true,north=false,powered=true,south=false,west=true":{"model":"charm:block/ebony_button_pressed","y":270,"x":180},"attached=true,disarmed=true,east=true,north=false,powered=false,south=false,west=true":{"model":"charm:block/copper_rail_corner","y":180},"attached=false,disarmed=true,east=true,north=true,powered=true,south=true,west=true":{"model":"charm:block/glowball_blob","x":180},"attached=true,disarmed=false,east=true,north=true,powered=true,south=false,west=true":{"model":"charm:block/ebony_button_pressed","x":180},"attached=true,disarmed=false,east=false,north=false,powered=true,south=false,west=true":{"model":"charm:block/glowball_blob","x":90,"y":270,"uvlock":true},"attached=true,disarmed=false,east=false,north=true,powered=true,south=true,west=false":{"model":"charm:block/ebony_pressure_plate"},"attached=true,disarmed=false,east=true,north=false,powered=true,south=true,west=true":{"model":"charm:block/ebony_button_pressed","y":90,"x":180},"attached=true,disarmed=true,east=true,north=true,powered=false,south=false,west=true":{"model":"charm:block/copper_rail"},"attached=true,disarmed=true,east=true,north=false,powered=false,south=false,west=false":{"model":"charm:block/copper_rail_corner","y":270},"attached=true,disarmed=true,east=false,north=true,powered=false,south=true,west=false":{"model":"charm:block/ebony_button","y":270},"attached=true,disarmed=true,east=true,north=true,powered=true,south=false,west=true":{"model":"charm:block/azalea_button_pressed","y":270,"x":180},"attached=true,disarmed=false,east=false,north=false,powered=true,south=false,west=false":{"model":"charm:block/glowball_blob"},"attached=true,disarmed=true,east=false,north=true,powered=true,south=true,west=true":{"model":"charm:block/ebony_button_pressed"},"attached=true,disarmed=false,east=true,north=false,powered=true,south=false,west=false":{"model":"charm:block/ebony_button","y":270,"x":180},"attached=true,disarmed=true,east=true,north=false,powered=false,south=true,west=true":{"model":"charm:block/copper_rail_corner"},"attached=true,disarmed=true,east=true,north=true,powered=true,south=false,west=false":{"model":"charm:block/azalea_button","y":270,"x":180},"attached=true,disarmed=false,east=false,north=true,powered=true,south=false,west=true":{"model":"charm:block/ebony_sapling"},"attached=true,disarmed=true,east=false,north=false,powered=true,south=true,west=true":{"model":"charm:block/ebony_button_pressed","x":90,"uvlock":true},"attached=true,disarmed=false,east=false,north=false,powered=true,south=true,west=false":{"model":"charm:block/glowball_blob","x":90,"y":180,"uvlock":true},"attached=true,disarmed=true,east=true,north=false,powered=true,south=true,west=false":{"model":"charm:block/copper_rail_raised_sw","y":90},"attached=true,disarmed=true,east=false,north=false,powered=false,south=true,west=false":{"model":"charm:block/ebony_button","y":270,"x":90,"uvlock":true}}}